1,10,11,12,13,14,15,16,17,18,19,2,20,21,22,23,24,25,26,27,28,29,3,30,4,5,6,7,8,9
#1 Adi,#10 Justus,#11 Kenny,#12 Leon,#13 Lina,#14 Marius,#15 Max,#16 Mika,#17 Moritz,#18 Niclas,#19 Nico,#2 Adrian,#20 Nils,#21 Paul,#22 Robin,#23 Simon,#24 Stefan,#25 Theo,#26 Tim,#27 Tom,#28 Vincent,#29 Weber,#3 BÃ¤renboys,#30 Yannic,#4 Cedric,#5 Emil,#6 Franz,#7 Georg,#8 Jarno,#9 Justus
Cycling sponsorship submission video,Cycling sponsorship submission video,Cycling sponsorship submission video,Cycling sponsorship submission video,Cycling sponsorship submission video,Cycling sponsorship submission video,Cycling sponsorship submission video,Cycling sponsorship submission video,Cycling sponsorship submission video,Cycling sponsorship submission video,Cycling sponsorship submission video,Cycling sponsorship submission video,Cycling sponsorship submission video,Cycling sponsorship submission video,Cycling sponsorship submission video,Cycling sponsorship submission video,Cycling sponsorship submission video,Cycling sponsorship submission video,Cycling sponsorship submission video,Cycling sponsorship submission video,Cycling sponsorship submission video,Cycling sponsorship submission video,Cycling sponsorship submission video,Cycling sponsorship submission video,Cycling sponsorship submission video,Cycling sponsorship submission video,Cycling sponsorship submission video,Cycling sponsorship submission video,Cycling sponsorship submission video,Cycling sponsorship submission video
13ApBzZgehRRwQJwn-2SElbcXc-cz3uUC,1EMnOOPJqqfpBqkHEFPGhPKJOqvCKz0M8,1AQJGJOvGPKEFtHGCOQhPGqKRPq0WZz,1OFKRQhPGqKRPq0WZzYbxwBdJ1DZOKt,1dJ1DZOKtgpOqhPGqKRPq0WZzYbxwB,1ZzYbxwBdJ1DZOKtgpOqhPGqKRPq0W,1BdJ1DZOKtgpOqhPGqKRPq0WZzYbxw,1PGqKRPq0WZzYbxwBdJ1DZOKtgp,1KtgpOqhPGqKRPq0WZzYbxwBdJ1DZO,1YbxwBdJ1DZOKtgpOqhPGqKRPq0WZ,1QhPGqKRPq0WZzYbxwBdJ1DZOKtgp,1N2qCiiJ3O8n5F5R3xm9OVDLCAbZ1B7DF,1J1DZOKtgpOqhPGqKRPq0WZzYbxwBd,1RPq0WZzYbxwBdJ1DZOKtgpOqhPGqK,1ZOKtgpOqhPGqKRPq0WZzYbxwBdJ1D,1WZzYbxwBdJ1DZOKtgpOqhPGqKRPq0,1gpOqhPGqKRPq0WZzYbxwBdJ1DZOKt,1BdJ1DZOKtgpOqhPGqKRPq0WZzYbx,1PGqKRPq0WZzYbxwBdJ1DZOKtgpOq,1KtgpOqhPGqKRPq0WZzYbxwBdJ1DZ,1YbxwBdJ1DZOKtgpOqhPGqKRPq0W,1hPGqKRPq0WZzYbxwBdJ1DZOKtgpO,1cc5AXVGORhOpcuboh5Qk3ynzyKzvMQYu,1DZOKtgpOqhPGqKRPq0WZzYbxwBdJ,1J0y3WrJyYfmJXfEOqvHgEQdyONrKBXPr,1eQGOkME7L5lKjmRpyFQZMjvzHlmKjSAh,1QOvhTqgPHiJGJUBONGt7GNzYhEHqOOPc,1NQT7dJRTzJwUEZzC6HgJSMFgHtHr1FGM,1TMQDJKKdOk7gXHEpZOZXGTvHZzAOjFVD,1_fCYbxwBdJ1DZOKtgpOqhPGqKRPq0WZz
https://drive.google.com/file/d/13ApBzZgehRRwQJwn-2SElbcXc-cz3uUC/view?usp=sharing,https://drive.google.com/file/d/1LuCtaC6vCPmc0vHWhxpr5SPatM6s-U8E/view?usp=sharing,https://drive.google.com/file/d/1J8gXw7F0hVvAlr5bpmuFl8gPKzcC-wjy/view?usp=sharing,https://drive.google.com/file/d/1WL4NIFl5Q64Wefba7sOFV9zlejoBNM6v/view?usp=sharing,https://drive.google.com/file/d/1dYcwb496pcNpCRmjmwIdHX9hlwZ6pXox/view?usp=sharing,https://drive.google.com/file/d/1MJIMO5Pdt8-3tbE7IUnpnJC3WwLp1lm2/view?usp=sharing,https://drive.google.com/file/d/1nTtmjUZEynCzrjPwniYo_rhaOG0A0JXy/view?usp=sharing,https://drive.google.com/file/d/1KoVkK838iVIwKEX_I9I3pNLsvHVLuQzu/view?usp=sharing,https://drive.google.com/file/d/1Hx5oXjWKZOsjjAAM_Dqo4F6nNqguaWo9/view?usp=sharing,https://drive.google.com/file/d/1gvA4eehTL2QpX22mS7ALVpjiUU_0nda6/view?usp=sharing,https://drive.google.com/file/d/1GPUVVp-uMJMHxQYXSi21q8NjXcxKnnMf/view?usp=sharing,https://drive.google.com/file/d/1N2qCiiJ3O8n5F5R3xm9OVDLCAbZ1B7DF/view?usp=sharing,https://drive.google.com/file/d/1EVywIUtoFDToVlc_nEzdSgfRCj8xPkpg/view?usp=sharing,https://drive.google.com/file/d/1irYhm0oLOqYwRmSbhWwX_xy8AUsYpxl8/view?usp=sharing,https://drive.google.com/file/d/1_FMzUtr83p6ayt_aEGLgjpP28JwD4jRv/view?usp=sharing,https://drive.google.com/file/d/1V1WbtfdLI8uf-6-7Himv8LSedoMBLZHy/view?usp=sharing,https://drive.google.com/file/d/1YQ7n0NlZeXNVhUnVqtP4u_ttk74z2dOk/view?usp=sharing,https://drive.google.com/file/d/1KZQWstKWe9U85vIThq0ZxlZcS0B_M9He/view?usp=sharing,https://drive.google.com/file/d/1ANzbL25UHyF5qGwj0Kjz2hulqxdy8DUO/view?usp=sharing,https://drive.google.com/file/d/1V3xoYcMOYSWCsEwh6n8pSbgXxivJC337/view?usp=sharing,https://drive.google.com/file/d/17rI5Ru8LQIPAe3pSAkJILTjm4wT_qKTm/view?usp=sharing,https://drive.google.com/file/d/1GnLYyJL7qQHtY_Vr0FyU5knmfY9kh0EI/view?usp=sharing,https://drive.google.com/file/d/1cc5AXVGORhOpcuboh5Qk3ynzyKzvMQYu/view?usp=sharing,https://drive.google.com/file/d/19XKBAs7PDyxb1bcVV6ycYVJvlyqn1FDM/view?usp=sharing,https://drive.google.com/file/d/1qHcQWtIeghkZrUrxRl8Ahdcr2hVZW4X9/view?usp=sharing,https://drive.google.com/file/d/1y67cwM629jV1RiS1V_3wQtkbECChf_0h/view?usp=sharing,https://drive.google.com/file/d/1OWkgwbHZPy-YJwkmKdgPlbPI0OCXbpwj/view?usp=sharing,https://drive.google.com/file/d/18oUyFk1njdpFzxxSD_qRx9ELlGH_WmVp/view?usp=sharing,https://drive.google.com/file/d/1MNNf4vEc72MMqtcwJXYUaDUFaWVzRNhi/view?usp=sharing,https://drive.google.com/file/d/1Fj0JrJtiAmjtOKwovR1MBsJN02bxZb-y/view?usp=sharing
ready,ready,ready,ready,ready,ready,ready,ready,ready,ready,ready,ready,ready,ready,ready,ready,ready,ready,ready,ready,ready,ready,ready,ready,ready,ready,ready,ready,ready,ready
2,0,0,0,0,2,0,0,0,0,4,0,0,3,0,0,0,0,0,0,3,9,3,7,0,2,0,0,0,0
1,1,1,1,1,1,1,1,1,1,1,1,1,1,1,1,1,1,1,1,1,1,1,1,1,1,1,1,1,1
2024-01-15 10:30:00,2024-01-24 13:20:00,2024-01-25 09:10:00,2024-01-26 15:40:00,2024-01-27 11:25:00,2024-01-28 16:50:00,2024-01-29 08:35:00,2024-01-30 12:10:00,2024-01-31 14:55:00,2024-02-01 10:20:00,2024-02-02 13:45:00,2024-01-16 14:20:00,2024-02-03 09:30:00,2024-02-04 15:15:00,2024-02-05 11:40:00,2024-02-06 16:25:00,2024-02-07 08:50:00,2024-02-08 12:35:00,2024-02-09 14:20:00,2024-02-10 10:05:00,2024-02-11 13:30:00,2024-02-12 15:45:00,2024-01-17 09:15:00,2024-02-13 09:20:00,2024-01-18 11:45:00,2024-01-19 16:30:00,2024-01-20 08:00:00,2024-01-21 12:15:00,2024-01-22 14:45:00,2024-01-23 10:30:00
2025-07-11 20:19:32,2024-01-24 13:20:00,2024-01-25 09:10:00,2024-01-26 15:40:00,2024-01-27 11:25:00,2025-07-11 17:21:59,2024-01-29 08:35:00,2024-01-30 12:10:00,2024-01-31 14:55:00,2024-02-01 10:20:00,2025-07-11 19:24:30,2024-01-16 14:20:00,2024-02-03 09:30:00,2025-07-11 19:29:00,2024-02-05 11:40:00,2024-02-06 16:25:00,2024-02-07 08:50:00,2024-02-08 12:35:00,2024-02-09 14:20:00,2024-02-10 10:05:00,2025-07-11 17:23:16,2025-07-11 20:19:19,2025-07-11 20:20:27,2025-07-11 20:20:36,2024-01-18 11:45:00,2025-07-11 20:20:50,2024-01-20 08:00:00,2024-01-21 12:15:00,2024-01-22 14:45:00,2024-01-23 10:30:00
